﻿<?xml version="1.0" encoding="utf-8"?>
<extension type="module" version="3.6" method="upgrade" client="site" >
	<name>Announce Board</name>
    <author>Mostafa Shahiri</author>
    <copyright></copyright>
    <license>GNU/GPL</license>
    <authorEmail>mostafa2134@gmail.com</authorEmail>
    <authorUrl>www.extensions.joomla.com</authorUrl>
    <version>1.0</version>
	<description>
    Show your announcements (news, messages, alerts, ...) to users in a pretty style.
   </description>
   	<updateservers>
		<server type="extension" priority="1" name="Announce Board">
		   https://github.com/mostafa272/Announce-Board/blob/master/update.xml
		</server>
	</updateservers>
	<files>
    <filename module="mod_announceboard">mod_announceboard.php</filename>
    <filename>index.html</filename>
    <filename>subform.xml</filename>
    <folder>tmpl</folder>
    <folder>img</folder>
    <folder>element</folder> 
    </files>
    <languages>
    	  <language tag="en-GB">language/en-GB/en-GB.mod_announceboard.ini</language>
          <language tag="fa-IR">language/fa-IR/fa-IR.mod_announceboard.ini</language>
        </languages>
    <config>
    <fields name="params">
     <fieldset name="basic">
          <field
					name="moduleclass_sfx"
					type="text" rows="3"
					label="COM_MODULES_FIELD_MODULECLASS_SFX_LABEL"
					description="COM_MODULES_FIELD_MODULECLASS_SFX_DESC" />
     <field name="selectbox" type="subform"
    formsource="modules/mod_announceboard/subform.xml" multiple="true"
    label="MOD_ANNOUNCE_ITEM_LABEL" description="MOD_ANNOUNCE_ITEM_DESC" min="0" max="50" layout="joomla.form.field.subform.repeatable"/>
    <field name="limittitle" type="text"   label="MOD_ANNOUNCE_LIMIT_TITLE" description="MOD_ANNOUNCE_TITLE_DESC" />
    <field name="image" type="imagelist" default="pic1.jpg" label="MOD_ANNOUNCE_DEF_IMAGE" description="" directory="modules/mod_announceboard/img/" />
    <field name="modalwidth" type="text" default="50%"   label="MOD_ANNOUNCE_MODAL_WIDTH" />
    <field name="modalheight" type="text" default="auto"   label="MOD_ANNOUNCE_MODAL_HEIGHT" />
    </fieldset>

    </fields>
     <fields name="params" >
     <fieldset name="style" label="MOD_ANNOUNCE_STYLE">
     <field name="itemstyle" type="textarea" default="width:20%;margin:10px 10px;display:inline-block;" label="MOD_ANNOUNCE_ITEM_STYLE" cols="40" rows="3" />
     <field name="itemimgstyle" type="textarea" default="width:100%;height:150px;border:solid 1px #CCC;border-radius:5px;" label="MOD_ANNOUNCE_ITEM_IMG_STYLE" cols="40" rows="3" />
     <field name="titlestyle" type="textarea" default="position:relative;margin-top:5px;" label="MOD_ANNOUNCE_TITLE_STYLE" cols="40" rows="3" />
     <field name="modalstyle" type="textarea" default="margin:10px 10px;" label="MOD_ANNOUNCE_MODAL_STYLE" cols="40" rows="3" />
     <field name="modalimg" type="textarea" default="margin-top:10px;margin-bottom:10px;padding:2px;border:solid 1px #CCC;border-radius:5px;" label="MOD_ANNOUNCE_MODAL_IMG_STYLE" cols="40" rows="3" />
     <field name="descstyle" type="textarea" default="line-height:18px;" label="MOD_ANNOUNCE_DESC_STYLE" cols="40" rows="3" />
     <field name="datestyle" type="textarea" default="line-height:18px;" label="MOD_ANNOUNCE_DATE_STYLE" cols="40" rows="3" />
     <field name="writerstyle" type="textarea" default="line-height:18px;" label="MOD_ANNOUNCE_AUTHOR_STYLE" cols="40" rows="3" />
     </fieldset>
     </fields>
    </config>

    </extension>
