<?xml version="1.0" encoding="UTF-8"?>
<form>
        <fieldset addfieldpath="/modules/mod_announceboard/element" >
        <field name="title" type="text" label="MOD_ANNOUNCE_TITLE" />
        <field name="description" type="editor" width="400" filter="safehtml" label="MOD_ANNOUNCE_DESC" />
        <field name="image" type="media" directory="stories" label="MOD_ANNOUNCE_IMAGE"/>
        <field name="createdate" type="calendar" default="" label="MOD_ANNOUNCE_DATE"
	class="input-small" filter="user_utc"/>
        <field name="writer" type="writer" label="MOD_ANNOUNCE_AUTHOR" readonly="1"/>
        <field name="show_writer" type="radio" default="1" label="MOD_ANNOUNCE_SHOW_AUTHOR">
        <option value="0">JNO</option>
        <option value="1">JYES</option>
        </field>
        <field name="filter" type="radio" default="0" label="MOD_ANNOUNCE_FILTER" description="MOD_ANNOUNCE_FILTER_DESC" >
        <option value="0">MOD_ANNOUNCE_FILTER_USERS</option>
        <option value="1">MOD_ANNOUNCE_FILTER_BOTH</option>
        </field>
        <field name="users" type="sql" multiple="true" query="SELECT id,concat( name, ' [',username, ']') AS username from #__users where block=0" key_field="id" value_field="username" label="MOD_ANNOUNCE_USERS"  />
        <field name="access" type="accesslevel" label="JFIELD_ACCESS_LABEL" description="JFIELD_ACCESS_DESC" class="span12 small" />
     </fieldset>
</form>